target_lat,target_lon,target_linkid
36.0215013,136.2951267,22
36.022799,136.514613,12345