Time(s),Flow(m3/s)
0.0,317.213224
3600.0,1778.431692
7200.0,2729.361498
10800.0,2034.418989
14400.0,771.599952
18000.0,37.832622
21600.0,0.000000
